original_id,project_or_tender,name,desc,state,location,pincode,status,budget,url,document_url,sector,sub_sector,timestamp_range
2023_AWEIL_162749_1,Tender,"Percentage Rate Contract for Periodical Services based on Chapter/ Section 14, 15 and 17 of MES SSR- 2020 Part-II at GCF Estate area Jabalpur.","Percentage Rate Contract for Periodical Services based on Chapter/ Section 14, 15 and 17 of MES SSR- 2020 Part-II at GCF Estate area Jabalpur.","Gun Carriage Factory, Jabalpur","Engineering Office, Gun Carriage Factory, Jabalpur",482011,Open Tender,"15,00,000",https://etenders.gov.in/eprocure/app?component=%24DirectLink&page=FrontEndViewTender&service=direct&session=T&sp=SHYnqiGhN71O8NzAuNjm6hg%3D%3D,https://etenders.gov.in/eprocure/app?component=%24DirectLink_8&page=FrontEndTenderDetails&service=direct&session=T,Civil Works,Periodical Services,"{'published_date': None, 'bid_opening_date': '15-Sep-2023 11:00 AM', 'submission_start_date': None, 'submission_end_date': '13-Sep-2023 05:00 PM'}"
2023_AWEIL_165363_1,Tender,"Percentage Rate Contract for Chapter 3, 4, 5, 10, 13, 14, 15 18, 21, 27 and 29 of MES SSR- 2020 for Repair/Maintenance of Water Supply and Sewage Line System of inside factory GCF Jabalpur.","Percentage Rate Contract for Chapter 3, 4, 5, 10, 13, 14, 15 18, 21, 27 and 29 of MES SSR- 2020 for Repair/Maintenance of Water Supply and Sewage Line System of inside factory GCF Jabalpur.","Gun Carriage Factory, Jabalpur","Engineering Office, Gun Carriage Factory, Jabalpur",482011,Open Tender,"10,00,000",https://etenders.gov.in/eprocure/app?component=%24DirectLink&page=FrontEndViewTender&service=direct&session=T&sp=SXqxwjQrmnaus06fw96sggw%3D%3D,https://etenders.gov.in/eprocure/app?component=%24DirectLink_8&page=FrontEndTenderDetails&service=direct&session=T,Civil Works,Water Supply and Sewage Line System,"{'published_date': None, 'bid_opening_date': '15-Sep-2023 11:00 AM', 'submission_start_date': None, 'submission_end_date': '13-Sep-2023 05:00 PM'}"
2023_AWEIL_164038_1,Tender,"Term contract for artificers work in building including joinery and plumbing works at Seven Tanks Estate at Gun and  Shell Factory, Cossipore","Term contract for artificers work in building including joinery and plumbing works at Seven Tanks Estate at Gun and Shell Factory, Cossipore","GSF,Cossipore, Kolkata","GSF,Cossipore, Kolkata",700002,Open Tender,"30,00,000",https://etenders.gov.in/eprocure/app?component=%24DirectLink&page=FrontEndViewTender&service=direct&session=T&sp=SovsPqZDw0XyeV%2BejJT99yQ%3D%3D,https://etenders.gov.in/eprocure/app?component=%24DirectLink_8&page=FrontEndTenderDetails&service=direct&session=T,Civil Works,NA,"{'published_date': None, 'bid_opening_date': '15-Sep-2023 11:00 AM', 'submission_start_date': None, 'submission_end_date': '13-Sep-2023 05:00 PM'}"
2023_AWEIL_164445_1,Tender,"Repairing of fencing wall in front of boundary wall at works-I and II at Gun and Shell Factory, Cossipore, Kolkata-700002.","Repairing of fencing wall in front of boundary wall at works-I and II at Gun and Shell Factory, Cossipore, Kolkata-700002.","GSF,Cossipore, Kolkata","GSF, Cossipore, Kolkata",700002,Open Tender,"3,43,824",https://etenders.gov.in/eprocure/app?component=%24DirectLink&page=FrontEndViewTender&service=direct&session=T&sp=SwJG0rF5SPFZyEkz8z0JZcw%3D%3D,,Civil Works,NA,"{'published_date': None, 'bid_opening_date': '15-Sep-2023 11:00 AM', 'submission_start_date': None, 'submission_end_date': '13-Sep-2023 05:00 PM'}"
2023_AWEIL_163607_1,Tender,"Repairs to damaged RCC structure and MS stair of Over Head Tank at New Jheel Road Estate at Gun and Shell Factory, Cossipore, Kolkata-700002.","Repairs to damaged RCC structure and MS stair of Over Head Tank at New Jheel Road Estate at Gun and Shell Factory, Cossipore, Kolkata-700002.","GSF, Cossipore, Kolkata","GSF, Cossipore, Kolkata",700002,Open Tender,"22,93,719",https://etenders.gov.in/eprocure/app?component=%24DirectLink&page=FrontEndViewTender&service=direct&session=T&sp=SzWHFpR00XQbiZaNIK1wiZg%3D%3D,,Civil Works,NA,"{'published_date': None, 'bid_opening_date': '15-Sep-2023 11:00 AM', 'submission_start_date': None, 'submission_end_date': '13-Sep-2023 05:00 PM'}"
2023_AWEIL_162966_1,Tender,"Repairs and strengthening of existing pond retaining walls in affected portions by timber pilling at Seven Tanks Estate at GSF, Cossipore.","Repairs and strengthening of existing pond retaining walls in affected portions by timber pilling at Seven Tanks Estate at GSF, Cossipore.","Gun and Shell Factory, Cossipore, Kolkata","Gun and Shell Factory, Cossipore, Kolkata",700002,Open Tender,NA,https://etenders.gov.in/eprocure/app?component=%24DirectLink&page=FrontEndViewTender&service=direct&session=T&sp=SR2KUSMkvoWvNJSe3VA3yZA%3D%3D,https://etenders.gov.in/eprocure/app?component=%24DirectLink_8&page=FrontEndTenderDetails&service=direct&session=T,Civil Works,NA,"{'published_date': None, 'bid_opening_date': '15-Sep-2023 11:00 AM', 'submission_start_date': None, 'submission_end_date': '13-Sep-2023 05:00 PM'}"
2023_AAI_166357_1,Tender,"Notice Inviting e-Tender For LICENSE FOR RETAIL OUTLET FOR TOYS AND TRAVEL ACCESSORIES SHOP IN SHA, UPPER GROUND FLOOR at NITB, VSI Airport, Port Blair","Notice Inviting e-Tender For LICENSE FOR RETAIL OUTLET FOR TOYS AND TRAVEL ACCESSORIES SHOP IN SHA, UPPER GROUND FLOOR at NITB, VSI Airport, Port Blair","VSI Airport, Port Blair","O/o Airport Director, VSI Airport",744101,Open Tender,"15,36,000",https://etenders.gov.in/eprocure/app?component=%24DirectLink&page=FrontEndViewTender&service=direct&session=T&sp=SZXJpZEN5%2F1IHaIR4X246Cw%3D%3D,https://etenders.gov.in/eprocure/app?component=%24DirectLink_8&page=FrontEndTenderDetails&service=direct&session=T,Miscellaneous Services,NA,"{'published_date': None, 'bid_opening_date': '15-Sep-2023 11:00 AM', 'submission_start_date': None, 'submission_end_date': '13-Sep-2023 05:00 PM'}"
2023_AAI_166356_1,Tender,"Notice Inviting e-Tender for LICENSE FOR RETAIL OUTLET FOR APPAREL SHOP IN SHA, UPPER GROUND FLOOR at NITB, VSI Airport, Port Blair","Notice Inviting e-Tender for LICENSE FOR RETAIL OUTLET FOR APPAREL SHOP IN SHA, UPPER GROUND FLOOR at NITB, VSI Airport, Port Blair","VSI Airport, Port Blair","O/o Airport Director, VSI Airport, Port Blair",744101,Open Tender,"15,36,000",https://etenders.gov.in/eprocure/app?component=%24DirectLink&page=FrontEndViewTender&service=direct&session=T&sp=SAXBCBqMTr8q4dVDJF7yL6Q%3D%3D,https://etenders.gov.in/eprocure/app?component=%24DirectLink_8&page=FrontEndTenderDetails&service=direct&session=T,Miscellaneous Services,NA,"{'published_date': None, 'bid_opening_date': '15-Sep-2023 11:00 AM', 'submission_start_date': None, 'submission_end_date': '13-Sep-2023 05:00 PM'}"
2023_AAI_166453_1,Tender,"Licence for Apparel Outlet at Domestic Security Hold Area (DSHA), New Integrated Terminal Building, Goa International Airport, Dabolim.","Licence for Apparel Outlet at Domestic Security Hold Area (DSHA), New Integrated Terminal Building, Goa International Airport, Dabolim.",Goa International Airport,Goa International Airport,403801,Open Tender,"24,60,00,000",https://etenders.gov.in/eprocure/app?component=%24DirectLink&page=FrontEndViewTender&service=direct&session=T&sp=S1oHfMVzGN587KhA9Hamo4g%3D%3D,https://etenders.gov.in/eprocure/app?component=%24DirectLink_8&page=FrontEndTenderDetails&service=direct&session=T,Miscellaneous Services,NA,"{'published_date': None, 'bid_opening_date': '15-Sep-2023 11:00 AM', 'submission_start_date': None, 'submission_end_date': '13-Sep-2023 05:00 PM'}"
2023_AAI_161982_2,Tender,Branded Footwear NTB Location 22 SHA GF,Branded Footwear NTB Location 22 SHA GF,JABALPUR,AIRPORT DIRECTOR JABALPUR AIRPORT,482005,Open Tender,"22,86,000",https://etenders.gov.in/eprocure/app?component=%24DirectLink&page=FrontEndViewTender&service=direct&session=T&sp=SCSlQqAz%2ByQpliEbWjwg4yw%3D%3D,https://etenders.gov.in/eprocure/app?component=%24DirectLink_8&page=FrontEndTenderDetails&service=direct&session=T,Miscellaneous Services,NA,"{'published_date': None, 'bid_opening_date': '15-Sep-2023 11:00 AM', 'submission_start_date': None, 'submission_end_date': '13-Sep-2023 05:00 PM'}"
2023_AAI_166262_1,Tender,"Licence for Books and Videos Outlet at Domestic Security Hold Area (DSHA), New Integrated Terminal Building, Goa International Airport, Dabolim.","Licence for Books and Videos Outlet  at Domestic Security Hold Area (DSHA), New Integrated Terminal Building, Goa International Airport, Dabolim.",Goa International Airport,Goa International Airport,403801,Open Tender,"4,92,00,000",https://etenders.gov.in/eprocure/app?component=%24DirectLink&page=FrontEndViewTender&service=direct&session=T&sp=SqRis2KwU4a45nke0qCqKyg%3D%3D,https://etenders.gov.in/eprocure/app?component=%24DirectLink_8&page=FrontEndTenderDetails&service=direct&session=T,Miscellaneous Services,NA,"{'published_date': None, 'bid_opening_date': '15-Sep-2023 11:00 AM', 'submission_start_date': None, 'submission_end_date': '13-Sep-2023 05:00 PM'}"
2023_AAI_166444_1,Tender,"Licence for Home Fashion Outlet at Domestic Security Hold Area (DSHA), New Integrated Terminal Building, Goa International Airport, Dabolim.","Licence for Home Fashion Outlet at Domestic Security Hold Area (DSHA), New Integrated Terminal Building, Goa International Airport, Dabolim.",Goa International Airport,Goa International Airport,403801,Open Tender,"12,30,00,000",https://etenders.gov.in/eprocure/app?component=%24DirectLink&page=FrontEndViewTender&service=direct&session=T&sp=SgwkNmloROtmWORx9E1hUmA%3D%3D,https://etenders.gov.in/eprocure/app?component=%24DirectLink_8&page=FrontEndTenderDetails&service=direct&session=T,Miscellaneous Services,NA,"{'published_date': None, 'bid_opening_date': '15-Sep-2023 11:00 AM', 'submission_start_date': None, 'submission_end_date': '13-Sep-2023 05:00 PM'}"
2023_AAI_166426_1,Tender,"Licence for Jewellery Outlet at Domestic Security Hold Area (DSHA), New Integrated Terminal Building, Goa International Airport, Dabolim.","Licence for Jewellery Outlet at Domestic Security Hold Area (DSHA), New Integrated Terminal Building, Goa International Airport, Dabolim.",Goa International Airport,Goa International Airport,403801,Open Tender,"12,30,00,000",https://etenders.gov.in/eprocure/app?component=%24DirectLink&page=FrontEndViewTender&service=direct&session=T&sp=SAoB4%2BVDkYS6ysWX27Mv73g%3D%3D,https://etenders.gov.in/eprocure/app?component=%24DirectLink_8&page=FrontEndTenderDetails&service=direct&session=T,Miscellaneous Services,NA,"{'published_date': None, 'bid_opening_date': '15-Sep-2023 11:00 AM', 'submission_start_date': None, 'submission_end_date': '13-Sep-2023 05:00 PM'}"
2023_AAI_166448_1,Tender,"Licence for Watch Outlet at Domestic Security Hold Area (DSHA), New Integrated Terminal Building, Goa International Airport, Dabolim.","Licence for Watch Outlet at Domestic Security Hold Area (DSHA), New Integrated Terminal Building, Goa International Airport, Dabolim.",Goa International Airport,Goa International Airport,403801,Open Tender,"4,92,00,000",https://etenders.gov.in/eprocure/app?component=%24DirectLink&page=FrontEndViewTender&service=direct&session=T&sp=SeGkL316rSPvy%2B28xpBUtPQ%3D%3D,https://etenders.gov.in/eprocure/app?component=%24DirectLink_8&page=FrontEndTenderDetails&service=direct&session=T,Miscellaneous Services,NA,"{'published_date': None, 'bid_opening_date': '15-Sep-2023 11:00 AM', 'submission_start_date': None, 'submission_end_date': '13-Sep-2023 05:00 PM'}"
2023_AAI_166348_1,Tender,"Licence for Eyewear Outlet at Domestic Security Hold Area (DSHA), New Integrated Terminal Building, Goa International Airport, Dabolim.","Licence for Eyewear Outlet at Domestic Security Hold Area (DSHA), New Integrated Terminal Building, Goa International Airport, Dabolim.",Goa International Airport,Goa International Airport,403801,Open Tender,"2,46,00,000",https://etenders.gov.in/eprocure/app?component=%24DirectLink&page=FrontEndViewTender&service=direct&session=T&sp=SVULb6wCJuMJEcF%2BLeAfAvA%3D%3D,https://etenders.gov.in/eprocure/app?component=%24DirectLink_8&page=FrontEndTenderDetails&service=direct&session=T,Miscellaneous Services,NA,"{'published_date': None, 'bid_opening_date': '15-Sep-2023 11:00 AM', 'submission_start_date': None, 'submission_end_date': '13-Sep-2023 05:00 PM'}"
2023_AAI_166394_1,Tender,"Licence for Ayurvedic and Herbal product Outlet at Domestic Security Hold Area (DSHA), New Integrated Terminal Building, Goa International Airport, Dabolim.","Licence for Ayurvedic and Herbal product Outlet at Domestic Security Hold Area (DSHA), New Integrated Terminal Building, Goa International Airport, Dabolim.",Goa International Airport,Goa International Airport,403801,Open Tender,"24,60,00,000",https://etenders.gov.in/eprocure/app?component=%24DirectLink&page=FrontEndViewTender&service=direct&session=T&sp=S2oZUeXj4gYCvfp77hR1Ciw%3D%3D,https://etenders.gov.in/eprocure/app?component=%24DirectLink_8&page=FrontEndTenderDetails&service=direct&session=T,Miscellaneous Services,NA,"{'published_date': None, 'bid_opening_date': '15-Sep-2023 11:00 AM', 'submission_start_date': None, 'submission_end_date': '13-Sep-2023 05:00 PM'}"
2023_AAI_166337_1,Tender,"Licence for Toys and Game Outlet at Domestic Security Hold Area (DSHA), New Integrated Terminal Building, Goa International Airport, Dabolim.","Licence for Toys and Game Outlet at Domestic Security Hold Area (DSHA), New Integrated Terminal Building, Goa International Airport, Dabolim.",Goa International Airport,Goa International Airport,403801,Open Tender,"24,60,00,000",https://etenders.gov.in/eprocure/app?component=%24DirectLink&page=FrontEndViewTender&service=direct&session=T&sp=S470w39RegpIVq0uODCWSJg%3D%3D,https://etenders.gov.in/eprocure/app?component=%24DirectLink_8&page=FrontEndTenderDetails&service=direct&session=T,Miscellaneous Services,NA,"{'published_date': None, 'bid_opening_date': '15-Sep-2023 11:00 AM', 'submission_start_date': None, 'submission_end_date': '13-Sep-2023 05:00 PM'}"
2023_AAI_166251_1,Tender,"Licence for Footwear Outlet at Domestic Security Hold Area (DSHA), New Integrated Terminal Building, Goa International Airport, Dabolim.","Licence for Footwear Outlet at Domestic Security Hold Area (DSHA), New Integrated Terminal Building, Goa International Airport, Dabolim.",Goa International Airport,Goa International Airport,403801,Open Tender,"4,92,00,000",https://etenders.gov.in/eprocure/app?component=%24DirectLink&page=FrontEndViewTender&service=direct&session=T&sp=SDK8oG%2FuHf7hYbq58za%2FMMg%3D%3D,https://etenders.gov.in/eprocure/app?component=%24DirectLink_8&page=FrontEndTenderDetails&service=direct&session=T,Miscellaneous Services,NA,"{'published_date': None, 'bid_opening_date': '15-Sep-2023 11:00 AM', 'submission_start_date': None, 'submission_end_date': '13-Sep-2023 05:00 PM'}"
2023_AAI_166384_1,Tender,"Licence for Consumer electronics outlet at Domestic Security Hold Area (DSHA), New Integrated Terminal Building, Goa International Airport, Dabolim.","Licence for Consumer electronics outlet at Domestic Security Hold Area (DSHA), New Integrated Terminal Building, Goa International Airport, Dabolim.",Goa International Airport,Goa International Airport,403801,Open Tender,"24,60,00,000",https://etenders.gov.in/eprocure/app?component=%24DirectLink&page=FrontEndViewTender&service=direct&session=T&sp=SUPBEi0lxwa6prOhrhp9ibQ%3D%3D,https://etenders.gov.in/eprocure/app?component=%24DirectLink_8&page=FrontEndTenderDetails&service=direct&session=T,Miscellaneous Services,NA,"{'published_date': None, 'bid_opening_date': '15-Sep-2023 11:00 AM', 'submission_start_date': None, 'submission_end_date': '13-Sep-2023 05:00 PM'}"
2023_AAI_161975_2,Tender,BRANDED EYEWEAR RETAILS SHOP NO  38 SHA,BRANDED EYEWEAR RETAILS SHOP NO  38 SHA AT JABALPUR,JABALPUR,APD JABALPUR AIRPORT,482005,Open Tender,"22,86,000",https://etenders.gov.in/eprocure/app?component=%24DirectLink&page=FrontEndViewTender&service=direct&session=T&sp=Sd7d2RQs5evNHd9cknod6iQ%3D%3D,https://etenders.gov.in/eprocure/app?component=%24DirectLink_8&page=FrontEndTenderDetails&service=direct&session=T,Miscellaneous Services,NA,"{'published_date': None, 'bid_opening_date': '15-Sep-2023 11:00 AM', 'submission_start_date': None, 'submission_end_date': '13-Sep-2023 05:00 PM'}"
2023_AAI_161797_2,Tender,LICENSEE FOR STAFF CANTEEN TERMINAL BUILDING AT JABALPUR AIRPORT,LICENSEE FOR STAFF CANTEEN TERMINAL BUILDING AT JABALPUR AIRPORT,JABALPUR,AAI JABALPUR AIRPORT,482005,Open Tender,"38,245",https://etenders.gov.in/eprocure/app?component=%24DirectLink&page=FrontEndViewTender&service=direct&session=T&sp=SB6bjoY8tDBZJQhhGVc0eww%3D%3D,https://etenders.gov.in/eprocure/app?component=%24DirectLink_8&page=FrontEndTenderDetails&service=direct&session=T,Hotel/ Catering,NA,"{'published_date': None, 'bid_opening_date': '15-Sep-2023 11:00 AM', 'submission_start_date': None, 'submission_end_date': '13-Sep-2023 05:00 PM'}"
2023_AAI_166342_1,Tender,"Combined Contract Facility for operating Snack Bar in the Departure Hall, Vehicle Parking Management Rights, Trolley Retrieval cum Advertisement Rights and Visitor Airport Entry Ticket at Mysuru Airport","Combined Contract Facility for operating Snack Bar in the Departure Hall, Vehicle Parking Management Rights, Trolley Retrieval cum Advertisement Rights and Visitor Airport Entry Ticket at Mysuru Airport","AAI, Mysuru Airport","AAI, Mysuru Airport, Mysuru - 571311",571311,Open Tender,"1,35,199",https://etenders.gov.in/eprocure/app?component=%24DirectLink&page=FrontEndViewTender&service=direct&session=T&sp=SjuftkxRAfZoMNqcyns5QRA%3D%3D,https://etenders.gov.in/eprocure/app?component=%24DirectLink_8&page=FrontEndTenderDetails&service=direct&session=T,Miscellaneous Works,NA,"{'published_date': None, 'bid_opening_date': '15-Sep-2023 11:00 AM', 'submission_start_date': None, 'submission_end_date': '13-Sep-2023 05:00 PM'}"
2023_AAI_166432_1,Tender,License For Kolhapuri Chappal and Branded Footwear at Kolhapur Airport,License For Kolhapuri Chappal and Branded Footwear in SHA at Kolhapur Airport,NTB KOLHAPUR AIRPORT,"RHQ WR, MUMBAI",416004,Open Tender,"18,90,720",https://etenders.gov.in/eprocure/app?component=%24DirectLink&page=FrontEndViewTender&service=direct&session=T&sp=Sn%2Fu9sv99WGvbGrzJHgvcMg%3D%3D,https://etenders.gov.in/eprocure/app?component=%24DirectLink_8&page=FrontEndTenderDetails&service=direct&session=T,Miscellaneous Services,NA,"{'published_date': None, 'bid_opening_date': '15-Sep-2023 11:00 AM', 'submission_start_date': None, 'submission_end_date': '13-Sep-2023 05:00 PM'}"
2023_AAI_166252_1,Tender,Replacement of old feeder cables for GLF,"Replacement of old feeder cables for GLF
System at Mysuru Airport","AAI, Mysore Airport","AAI, HAL Airport",571311,Open Tender,"25,06,884",https://etenders.gov.in/eprocure/app?component=%24DirectLink&page=FrontEndViewTender&service=direct&session=T&sp=S1NAxptt21bFOpT9PpLoevg%3D%3D,https://etenders.gov.in/eprocure/app?component=%24DirectLink_8&page=FrontEndTenderDetails&service=direct&session=T,Electrical Works,NA,"{'published_date': None, 'bid_opening_date': '15-Sep-2023 11:00 AM', 'submission_start_date': None, 'submission_end_date': '13-Sep-2023 05:00 PM'}"
2023_AAI_166408_1,Tender,"MISCELLANEOUS CIVIL WORKS FOR WELFARE OF RESIDENTS AND PROVIDING SPORT FACILITIES IN AAI RESIDENTIAL COLONY. SUBHEAD- WIDENING AND RE-CARPETING OF EXISTING ROAD OF RESIDENTIAL COLONY, CISF BARRACKS AND OTHER MISCELLANEOUS WORKS AT DABH AIRPORT,INDORE","MISCELLANEOUS CIVIL WORKS FOR WELFARE OF RESIDENTS AND PROVIDING SPORT FACILITIES IN AAI RESIDENTIAL COLONY. SUBHEAD- WIDENING AND RE-CARPETING OF EXISTING ROAD OF RESIDENTIAL COLONY, CISF BARRACKS AND OTHER MISCELLANEOUS WORKS AT DABH AIRPORT,INDORE","DABH Airport, Indore","DABH Airport, Indore",452005,Open Tender,"2,46,04,000",https://etenders.gov.in/eprocure/app?component=%24DirectLink&page=FrontEndViewTender&service=direct&session=T&sp=SyyLGGkDe0dK7eKbuMdTCCQ%3D%3D,https://etenders.gov.in/eprocure/app?component=%24DirectLink_8&page=FrontEndTenderDetails&service=direct&session=T,Civil Works,NA,"{'published_date': None, 'bid_opening_date': '15-Sep-2023 11:00 AM', 'submission_start_date': None, 'submission_end_date': '13-Sep-2023 05:00 PM'}"
2023_AAI_165293_2,Tender,"Work Contract for Operation and Maintenance, additional/alteration works of E and M installations including CMC of ACs and water coolers/purifiers at Bagdogra Airport for 2 years (2023-25)","Work Contract for Operation and Maintenance, additional/alteration works of E and M installations including CMC of ACs and water coolers/purifiers at Bagdogra Airport for 2 years (2023-25)",Bagdogra Airport,"AAI, Bagdogra Airport",734421,Open Tender,"2,49,60,479",https://etenders.gov.in/eprocure/app?component=%24DirectLink&page=FrontEndViewTender&service=direct&session=T&sp=SJBF2QLO1rQwPsAGAW%2FtLwA%3D%3D,https://etenders.gov.in/eprocure/app?component=%24DirectLink_8&page=FrontEndTenderDetails&service=direct&session=T,Electrical Works,NA,"{'published_date': None, 'bid_opening_date': '15-Sep-2023 11:00 AM', 'submission_start_date': None, 'submission_end_date': '13-Sep-2023 05:00 PM'}"
2023_AAI_166341_1,Tender,Misc Civil works involved in Segregation of Old ATC Tower from Operational Area at B M Airport Ranchi,Misc Civil works involved in Segregation of Old ATC Tower from Operational Area at B M Airport Ranchi,"O/o AGM(E-C),B.M.Airport,Ranchi","O/o AGM(E-C),B.M. Airport, Ranchi",834002,Open Tender,"56,00,000",https://etenders.gov.in/eprocure/app?component=%24DirectLink&page=FrontEndViewTender&service=direct&session=T&sp=SzDQd4JUglWsRojtLsv96Tw%3D%3D,https://etenders.gov.in/eprocure/app?component=%24DirectLink_8&page=FrontEndTenderDetails&service=direct&session=T,Civil Works,NA,"{'published_date': None, 'bid_opening_date': '15-Sep-2023 11:00 AM', 'submission_start_date': None, 'submission_end_date': '13-Sep-2023 05:00 PM'}"
2023_AAI_166335_1,Tender,Replacement of Batteries for Solar Perimeter Lighting System.,Replacement of Batteries for Solar Perimeter Lighting System.,coimbatore international airport,"O/o, AGM (E-E), AAI, COIMBATORE INTERNATIONAL AIRPORT, COIMBATORE",641014,Open Tender,"22,45,602",https://etenders.gov.in/eprocure/app?component=%24DirectLink&page=FrontEndViewTender&service=direct&session=T&sp=Sfl%2BCUbwxrB0VKmemGoNsEQ%3D%3D,https://etenders.gov.in/eprocure/app?component=%24DirectLink_8&page=FrontEndTenderDetails&service=direct&session=T,Electrical Goods/Equipment,NA,"{'published_date': None, 'bid_opening_date': '15-Sep-2023 11:00 AM', 'submission_start_date': None, 'submission_end_date': '13-Sep-2023 05:00 PM'}"
2023_AAI_166385_1,Rate Contract,Annual Rate Contract for Supply of Fabric flex Banner and Selfie point cut outs,Annual Rate Contract for Supply of Fabric flex Banner and Selfie point cut outs for the year 2023 24,"Manager MM, AAI, RHQ, WR, Mumbai","Manager (MM), AAI,
RHQ, WR, Porta cabin,
Ground floor, New
Airport Colony, Sahar
Road, Mumbai
400099",400099,Open Tender,"2,10,236",https://etenders.gov.in/eprocure/app?component=%24DirectLink&page=FrontEndViewTender&service=direct&session=T&sp=SneviyFrOX6IMd%2F6gpdeWIA%3D%3D,https://etenders.gov.in/eprocure/app?component=%24DirectLink_8&page=FrontEndTenderDetails&service=direct&session=T,Miscellaneous Goods,Banners and selfie point cutouts,"{'published_date': None, 'bid_opening_date': '15-Sep-2023 11:00 AM', 'submission_start_date': None, 'submission_end_date': '13-Sep-2023 05:00 PM'}"
2023_AAI_166303_1,Tender,"Reconstruction of Rigid portions of Secondary Runway, K and A Taxiway and Strengthening of C Taxiway at NSCBI Airport Kolkata","Reconstruction of Rigid portions of Secondary Runway, K and A Taxiway and Strengthening of C Taxiway at NSCBI Airport Kolkata",Kolkata,"Office of ED (Engg) ER and NER, 2nd Floor, Old RD Building, Safdarjung Airport, New Delhi 110003",700052,Open Tender,NA,https://etenders.gov.in/eprocure/app?component=%24DirectLink&page=FrontEndViewTender&service=direct&session=T&sp=SlUiXPX%2FZdS%2BX5s6RMdRO9Q%3D%3D,https://etenders.gov.in/eprocure/app?component=%24DirectLink_8&page=FrontEndTenderDetails&service=direct&session=T,Civil Works - Roads,NA,"{'published_date': None, 'bid_opening_date': '15-Sep-2023 11:00 AM', 'submission_start_date': None, 'submission_end_date': '13-Sep-2023 05:00 PM'}"
2023_AAI_166207_1,Tender,"Provision of perimeter lighting and associated works at SGRDJ International Airport, Amritsar.","Provision of perimeter lighting and associated works at SGRDJ International Airport, Amritsar.",SGRDJI Airport Amritsar,SGRDJI Airport Amritsar,143101,Open Tender,"65,62,222",https://etenders.gov.in/eprocure/app?component=%24DirectLink&page=FrontEndViewTender&service=direct&session=T&sp=SDcwnV5H%2FY%2FrB%2BtuDj1%2FyBg%3D%3D,https://etenders.gov.in/eprocure/app?component=%24DirectLink_8&page=FrontEndTenderDetails&service=direct&session=T,Electrical Works,NA,"{'published_date': None, 'bid_opening_date': '15-Sep-2023 11:00 AM', 'submission_start_date': None, 'submission_end_date': '13-Sep-2023 05:00 PM'}"
2023_AAI_166196_1,Tender,"Licence for Convenience Retail Outlet inside Domestic Arrival at Sri Guru Ram Dass Jee International Airport, Amritsar.","Licence for Convenience Retail Outlet inside Domestic Arrival at Sri Guru Ram Dass Jee International Airport, Amritsar.","SGRDJI Airport, Amritsar",Airports Authority of India,143101,Open Tender,"1,78,750",https://etenders.gov.in/eprocure/app?component=%24DirectLink&page=FrontEndViewTender&service=direct&session=T&sp=Shx0hoO1zTIeopLy9Wb3EWA%3D%3D,https://etenders.gov.in/eprocure/app?component=%24DirectLink_8&page=FrontEndTenderDetails&service=direct&session=T,Miscellaneous Services,Convenience Retail Outlet,"{'published_date': None, 'bid_opening_date': '15-Sep-2023 11:00 AM', 'submission_start_date': None, 'submission_end_date': '13-Sep-2023 05:00 PM'}"
2023_AAI_166197_1,Tender,"Licence for Gift(Gifting) Retail Outlet inside Domestic SHA (First Floor) and International SHA (First floor) at Sri Guru Ram Dass Jee International Airport, Amritsar.","Licence for Gift(Gifting) Retail Outlet inside Domestic SHA (First Floor) and International SHA (First floor) at Sri Guru Ram Dass Jee International Airport, Amritsar.","SGRDJI Airport, Amritsar","Airports Authority of India, SGRDJI Airport, Amritsar",143101,Open Tender,"3,85,000",https://etenders.gov.in/eprocure/app?component=%24DirectLink&page=FrontEndViewTender&service=direct&session=T&sp=SEUjiPSbRewRirNpyHHYRmg%3D%3D,https://etenders.gov.in/eprocure/app?component=%24DirectLink_8&page=FrontEndTenderDetails&service=direct&session=T,Miscellaneous Services,Gift(Gifting) Retail Outlet,"{'published_date': None, 'bid_opening_date': '15-Sep-2023 11:00 AM', 'submission_start_date': None, 'submission_end_date': '13-Sep-2023 05:00 PM'}"
2023_AAI_166226_1,Tender,"Licence for Fragrance Outlet at Domestic Security Hold Area (DSHA), New Integrated Terminal Building, Goa International Airport, Dabolim.","Licence for Fragrance Outlet at Domestic Security Hold Area (DSHA), New Integrated Terminal Building, Goa International Airport, Dabolim.",Goa International Airport,Goa International Airport,403801,Open Tender,"6,88,80,000",https://etenders.gov.in/eprocure/app?component=%24DirectLink&page=FrontEndViewTender&service=direct&session=T&sp=S0RiRvIK4HVKa0K2vjcDvrA%3D%3D,https://etenders.gov.in/eprocure/app?component=%24DirectLink_8&page=FrontEndTenderDetails&service=direct&session=T,Miscellaneous Services,NA,"{'published_date': None, 'bid_opening_date': '15-Sep-2023 11:00 AM', 'submission_start_date': None, 'submission_end_date': '13-Sep-2023 05:00 PM'}"
2023_AAI_166231_1,Tender,"Licence for Wellness Store at Domestic Security Hold Area (DSHA), New Integrated Terminal Building, Goa International Airport, Dabolim.","Licence for Wellness Store at Domestic Security Hold Area (DSHA), New Integrated Terminal Building, Goa International Airport, Dabolim.",Goa International Airport,Goa International Airport,403801,Open Tender,"4,92,00,000",https://etenders.gov.in/eprocure/app?component=%24DirectLink&page=FrontEndViewTender&service=direct&session=T&sp=SYg1H7IZxX9aGLYgAfypupg%3D%3D,https://etenders.gov.in/eprocure/app?component=%24DirectLink_8&page=FrontEndTenderDetails&service=direct&session=T,Miscellaneous Services,NA,"{'published_date': None, 'bid_opening_date': '15-Sep-2023 11:00 AM', 'submission_start_date': None, 'submission_end_date': '13-Sep-2023 05:00 PM'}"
2023_AAI_166266_1,Tender,"Short Term License to operate Food and Beverages Outlets (City side- outside terminal building) at Srinagar International Airport, Srinagar.","Short Term License to operate Food and Beverages Outlets (City side- outside terminal building) at Srinagar International Airport, Srinagar.","Srinagar International Airport, Srinagar","O/O Airport Director Airports Authority of India Srinagar International Airport, Srinagar",190007,Open Tender,NA,https://etenders.gov.in/eprocure/app?component=%24DirectLink&page=FrontEndViewTender&service=direct&session=T&sp=SWxIc7jRlgn3xN%2By1CkWmNg%3D%3D,https://etenders.gov.in/eprocure/app?component=%24DirectLink_8&page=FrontEndTenderDetails&service=direct&session=T,Miscellaneous Services,NA,"{'published_date': None, 'bid_opening_date': '15-Sep-2023 11:00 AM', 'submission_start_date': None, 'submission_end_date': '13-Sep-2023 05:00 PM'}"
2023_AAI_166168_1,Tender,Construction of Temporary Boundary Wall for Operationalization of ILS Glide Path at Bagdogra Airport,Construction of Temporary Boundary Wall for Operationalization of ILS Glide Path at Bagdogra Airport,Bagdogra Airport,"AAI, Bagdogra Airport",734421,Open Tender,"32,13,546",https://etenders.gov.in/eprocure/app?component=%24DirectLink&page=FrontEndViewTender&service=direct&session=T&sp=SlfjPbbvO5z8f7woKTWDxqQ%3D%3D,https://etenders.gov.in/eprocure/app?component=%24DirectLink_8&page=FrontEndTenderDetails&service=direct&session=T,Civil Works,NA,"{'published_date': None, 'bid_opening_date': '15-Sep-2023 11:00 AM', 'submission_start_date': None, 'submission_end_date': '13-Sep-2023 05:00 PM'}"
2023_AAI_166119_1,Tender,"Special Repair and rehabilitation of airfield pavement at NSCBI Airport, Kolkata. SH Miscellaneous Electrical work",Miscellaneous Electrical work,"NSCBI Airport, Kolkata","Operational Building, EMD-II, AAI, NSCBI Airport, Kolkata-700052.",700124,Open Tender,"10,27,29,918",https://etenders.gov.in/eprocure/app?component=%24DirectLink&page=FrontEndViewTender&service=direct&session=T&sp=SkLz%2Bio6k2RhOOLkfDdmHTA%3D%3D,https://etenders.gov.in/eprocure/app?component=%24DirectLink_8&page=FrontEndTenderDetails&service=direct&session=T,Electrical Works,NA,"{'published_date': None, 'bid_opening_date': '15-Sep-2023 11:00 AM', 'submission_start_date': None, 'submission_end_date': '13-Sep-2023 05:00 PM'}"
2023_AAI_166239_1,Tender,"Licence for Sim Card Kiosk inside International SHA (First floor) at Sri Guru Ram Dass Jee International Airport, Amritsar","Licence for Sim Card Kiosk inside International SHA (First floor) at Sri Guru Ram Dass Jee International Airport, Amritsar","SGRDJI Airport, Amritsar",Airports Authority of India,143101,Open Tender,"37,500",https://etenders.gov.in/eprocure/app?component=%24DirectLink&page=FrontEndViewTender&service=direct&session=T&sp=S%2FPigP3FNa9%2FGrJIwY0fj6A%3D%3D,https://etenders.gov.in/eprocure/app?component=%24DirectLink_8&page=FrontEndTenderDetails&service=direct&session=T,Miscellaneous Services,Sim Card Kiosk,"{'published_date': None, 'bid_opening_date': '15-Sep-2023 11:00 AM', 'submission_start_date': None, 'submission_end_date': '13-Sep-2023 05:00 PM'}"
2023_AAI_166243_1,Tender,Annual rate contract for repair and maintenance of civil works at Safdarjung Airport and connected area for the year 2023-24,Annual rate contract for repair and maintenance of civil works at Safdarjung Airport and connected area for the year 2023-24,"Safdarjung Airport, New Delhi","Safdarjung Airport, New Delhi",110003,Open Tender,"1,00,00,000",https://etenders.gov.in/eprocure/app?component=%24DirectLink&page=FrontEndViewTender&service=direct&session=T&sp=SyintQbYiS9hQCoU6Ujt3Bg%3D%3D,https://etenders.gov.in/eprocure/app?component=%24DirectLink_8&page=FrontEndTenderDetails&service=direct&session=T,Civil Works,NA,"{'published_date': None, 'bid_opening_date': '15-Sep-2023 11:00 AM', 'submission_start_date': None, 'submission_end_date': '13-Sep-2023 05:00 PM'}"
2023_AAI_166000_1,Tender,Providing Operation  Maintenance Services for E and M Installations,"Providing Operation  Maintenance Services for E and M Installations
of Udaan Bhawan at Safdarjung Airport, New Delhi. (2023-25)","Udaan Bhawan at Safdarjung Airport, New Delhi","Udaan Bhawan at Safdarjung Airport, New Delhi",110003,Open Tender,"3,18,43,962",https://etenders.gov.in/eprocure/app?component=%24DirectLink&page=FrontEndViewTender&service=direct&session=T&sp=SxQnwrC%2FiVJ3GQ8CRxf4f0Q%3D%3D,https://etenders.gov.in/eprocure/app?component=%24DirectLink_8&page=FrontEndTenderDetails&service=direct&session=T,Repair and Maintenance Services,NA,"{'published_date': None, 'bid_opening_date': '15-Sep-2023 11:00 AM', 'submission_start_date': None, 'submission_end_date': '13-Sep-2023 05:00 PM'}"
2023_AAI_164702_1,Tender,Modification of Storm Water Drains in Operational Area at Chennai Airport-(Balance work),Strom Water Drain,Chennai,"Airports Authority of India, Corporate Head Quarters, A-Block, 3rd Floor, Rajiv Gandhi Bhawan,  New Delhi-110 003",600016,Open Tender,"1,45,60,00,000",https://etenders.gov.in/eprocure/app?component=%24DirectLink&page=FrontEndViewTender&service=direct&session=T&sp=SXWoE28KXpmjoHH1nxJXdxA%3D%3D,https://etenders.gov.in/eprocure/app?component=%24DirectLink_8&page=FrontEndTenderDetails&service=direct&session=T,Civil Works - Others,NA,"{'published_date': None, 'bid_opening_date': '15-Sep-2023 11:00 AM', 'submission_start_date': None, 'submission_end_date': '13-Sep-2023 05:00 PM'}"
2023_AAI_166212_1,Tender,"License for Snack Bar in First Floor SHA and Snack Bar in Forecourt Area Near Departure Gate of NITB at S.V. Airport, Raipur","License for Snack Bar in First Floor SHA and Snack Bar in Forecourt Area Near Departure Gate of NITB at S.V. Airport, Raipur",Swami Vivekananda Airport Raipur,O/o Airport Director S.V. Airport Raipur.,492015,Open Tender,"4,32,600",https://etenders.gov.in/eprocure/app?component=%24DirectLink&page=FrontEndViewTender&service=direct&session=T&sp=SlEDDqIvbE%2Fkgih7LuKgjmw%3D%3D,https://etenders.gov.in/eprocure/app?component=%24DirectLink_8&page=FrontEndTenderDetails&service=direct&session=T,Miscellaneous Services,NA,"{'published_date': None, 'bid_opening_date': '15-Sep-2023 11:00 AM', 'submission_start_date': None, 'submission_end_date': '13-Sep-2023 05:00 PM'}"
2023_AAI_166195_1,Tender,Annual Repair and Maintenance of Indian Aviation Academy and Hostel Block,Annual Repair and Maintenance of Indian Aviation Academy and Hostel Block,Vasant Kunj,IAA VASANT KUNJ NEW DELHI 110070,110070,Open Tender,NA,https://etenders.gov.in/eprocure/app?component=%24DirectLink&page=FrontEndViewTender&service=direct&session=T&sp=SHbnUHZed82JhRrHCOYW7WA%3D%3D,https://etenders.gov.in/eprocure/app?component=%24DirectLink_8&page=FrontEndTenderDetails&service=direct&session=T,Civil Works,NA,"{'published_date': None, 'bid_opening_date': '15-Sep-2023 11:00 AM', 'submission_start_date': None, 'submission_end_date': '13-Sep-2023 05:00 PM'}"
2023_AAI_165917_1,Tender,"Maintenance of landscaping garden area in front of New Integrated Terminal Building over Car Park area and on side of Entry / Exit Road at NSCBI Airport, Kolkata during the year 2023-24","Maintenance of landscaping garden area in front of New Integrated Terminal Building over Car Park area and on side of Entry / Exit Road at NSCBI Airport, Kolkata during the year 2023-24","AAI, NSCBI Airport, Kolkata","AAI Operational Building, NSCBI Airport, Kolkata-700052",700052,Open Tender,"52,23,032",https://etenders.gov.in/eprocure/app?component=%24DirectLink&page=FrontEndViewTender&service=direct&session=T&sp=SkRRTqLXXbsN2Lf%2B%2BmkG28A%3D%3D,https://etenders.gov.in/eprocure/app?component=%24DirectLink_8&page=FrontEndTenderDetails&service=direct&session=T,Civil Works - Others,Horticulture,"{'published_date': None, 'bid_opening_date': '15-Sep-2023 11:00 AM', 'submission_start_date': None, 'submission_end_date': '13-Sep-2023 05:00 PM'}"
2023_AAI_166159_1,Tender,"Upkeep of AAI Hostel, Community Hall, ASTI Building and Officers Institute at AAI Residential colony Guwahati (2023-24) (RECALL)","Upkeep of AAI Hostel, Community Hall, ASTI Building and Officers Institute at AAI Residential colony Guwahati (2023-24) (RECALL)","AAI Residential colony, RHQ, NER, Guwahati","O/o RED, AAI, RHQ, NER, Guwahati",781015,Open Tender,"33,45,000",https://etenders.gov.in/eprocure/app?component=%24DirectLink&page=FrontEndViewTender&service=direct&session=T&sp=SRfmnxhBHPxJWCzT2BQ6gNg%3D%3D,https://etenders.gov.in/eprocure/app?component=%24DirectLink_8&page=FrontEndTenderDetails&service=direct&session=T,Civil Works,NA,"{'published_date': None, 'bid_opening_date': '15-Sep-2023 11:00 AM', 'submission_start_date': None, 'submission_end_date': '13-Sep-2023 05:00 PM'}"
2023_AAI_166092_1,Tender,All Inclusive Comprehensive Maintenance Contract and Operation of BHS in Terminal Building at Trichy International Airport for the Year 2023-24,All Inclusive Comprehensive Maintenance Contract and Operation of BHS in Terminal Building at Trichy International Airport for the Year 2023-24,"Inside Terminal Building, Trichy Airport","O/o Deputy General Manager (E-E). AAI, Trichy Airport",620007,Open Tender,"43,24,476",https://etenders.gov.in/eprocure/app?component=%24DirectLink&page=FrontEndViewTender&service=direct&session=T&sp=SPZsZi2M5vajX%2BayMKHKfLw%3D%3D,https://etenders.gov.in/eprocure/app?component=%24DirectLink_8&page=FrontEndTenderDetails&service=direct&session=T,Electrical Works,Operation and AICMC,"{'published_date': None, 'bid_opening_date': '15-Sep-2023 11:00 AM', 'submission_start_date': None, 'submission_end_date': '13-Sep-2023 05:00 PM'}"
2023_AAI_166117_1,Tender,"A/R and M/O Civil works at Chennai Airport during 2023-24, SH Clearing bushes and Grass cutting at WT Station Mugalivakkam, MSSR in Porur and DVOR in Kancheepuram.","A/R and M/O Civil works at Chennai Airport during 2023-24, SH Clearing bushes and Grass cutting at WT Station Mugalivakkam, MSSR in Porur and DVOR in Kancheepuram.",Chennai.,"Operational office, RHQ/SR, Chennai.",600016,Open Tender,"16,24,000",https://etenders.gov.in/eprocure/app?component=%24DirectLink&page=FrontEndViewTender&service=direct&session=T&sp=SxrnIVCK4KYokp4fSomn%2FLA%3D%3D,https://etenders.gov.in/eprocure/app?component=%24DirectLink_8&page=FrontEndTenderDetails&service=direct&session=T,Civil Works,NA,"{'published_date': None, 'bid_opening_date': '15-Sep-2023 11:00 AM', 'submission_start_date': None, 'submission_end_date': '13-Sep-2023 05:00 PM'}"
2023_AAI_166124_1,Tender,"Upkeep and Running of Guest House Facilities at AAI Residential Colony, Tirupati Airport (2023-25)","Upkeep and Running of Guest House Facilities at AAI Residential Colony, Tirupati Airport (2023-25)",Tirupati,"O/o JGM(E-E), AAI, Tirupati Airport.",517520,Open Tender,"49,23,494",https://etenders.gov.in/eprocure/app?component=%24DirectLink&page=FrontEndViewTender&service=direct&session=T&sp=SlhctzUm8qmN3TlxFjRohpg%3D%3D,https://etenders.gov.in/eprocure/app?component=%24DirectLink_8&page=FrontEndTenderDetails&service=direct&session=T,Hosekeeping/ Cleaning Works,NA,"{'published_date': None, 'bid_opening_date': '15-Sep-2023 11:00 AM', 'submission_start_date': None, 'submission_end_date': '13-Sep-2023 05:00 PM'}"
2023_AAI_165939_1,Tender,Annual rate contract for repairs and maintenance of civil work for Terminal Building including Airside and Cityside and Apron area of Bagdogra Airport for the financial year 2023-25,Annual rate contract for repairs and maintenance of civil work for Terminal Building including Airside and Cityside and Apron area of Bagdogra Airport for the financial year 2023-25,Bagdogra Airport,"AAI, Bagdogra Airport",734421,Open Tender,"1,50,00,000",https://etenders.gov.in/eprocure/app?component=%24DirectLink&page=FrontEndViewTender&service=direct&session=T&sp=SdeJKE6IH4nLsbXxhLRs4cA%3D%3D,https://etenders.gov.in/eprocure/app?component=%24DirectLink_8&page=FrontEndTenderDetails&service=direct&session=T,Civil Works,NA,"{'published_date': None, 'bid_opening_date': '15-Sep-2023 11:00 AM', 'submission_start_date': None, 'submission_end_date': '13-Sep-2023 05:00 PM'}"
2023_AAI_166009_1,Tender,"FRAGRANCES, MAKE-UP AND COSMETICS RETAIL STORE AT RANCHI AIRPORT","FRAGRANCES, MAKE-UP AND COSMETICS RETAIL STORE AT RANCHI AIRPORT",Ranchi Airport,Ranchi Airport,834002,Open Tender,"78,000",https://etenders.gov.in/eprocure/app?component=%24DirectLink&page=FrontEndViewTender&service=direct&session=T&sp=SMkjdMvWr2MjoyJ2zVak9wQ%3D%3D,https://etenders.gov.in/eprocure/app?component=%24DirectLink_8&page=FrontEndTenderDetails&service=direct&session=T,Miscellaneous Services,NA,"{'published_date': None, 'bid_opening_date': '15-Sep-2023 11:00 AM', 'submission_start_date': None, 'submission_end_date': '13-Sep-2023 05:00 PM'}"
2023_AAI_165994_1,Tender,Retail Outlet for  Ayurvedic/Herbal Health and Beauty Product Store In SHA at Ranchi Airport,"Retail Outlet for  Ayurvedic/Herbal Health and Beauty Product Store
In SHA at Ranchi Airport",Ranchi,Ranchi Airport,834002,Open Tender,"98,000",https://etenders.gov.in/eprocure/app?component=%24DirectLink&page=FrontEndViewTender&service=direct&session=T&sp=SRN%2Bvz7IEoU3cRVlyTrEV8A%3D%3D,https://etenders.gov.in/eprocure/app?component=%24DirectLink_8&page=FrontEndTenderDetails&service=direct&session=T,Miscellaneous Services,NA,"{'published_date': None, 'bid_opening_date': '15-Sep-2023 11:00 AM', 'submission_start_date': None, 'submission_end_date': '13-Sep-2023 05:00 PM'}"
2023_AAI_164159_1,Rate Contract,Facility Management Contract of E and M Installations at Puducherry Airport for the year 2023-25,Facility Management Contract of E and M Installations at Puducherry Airport for the year 2023-25,Puducherry Airport,"AGM (E E),
New Operational Offices, Chennai Airport",605008,Open Tender,"1,17,08,900",https://etenders.gov.in/eprocure/app?component=%24DirectLink&page=FrontEndViewTender&service=direct&session=T&sp=SufUwDrnTEQ16PFptiZ7RxA%3D%3D,https://etenders.gov.in/eprocure/app?component=%24DirectLink_8&page=FrontEndTenderDetails&service=direct&session=T,Electrical Works,NA,"{'published_date': None, 'bid_opening_date': '15-Sep-2023 11:00 AM', 'submission_start_date': None, 'submission_end_date': '13-Sep-2023 05:00 PM'}"
2023_AAI_165822_1,,29-Aug-2023 06:00 PM,30-Aug-2023 09:30 AM,,"DABH Airport, Indore",,Limited,,https://etenders.gov.in/eprocure/app?component=%24DirectLink&page=FrontEndViewTender&service=direct&session=T&sp=S3lGuBzhI3ICnSr%2Fo6GLz7Q%3D%3D,https://etenders.gov.in/eprocure/app?component=%24DirectLink_8&page=FrontEndTenderDetails&service=direct&session=T,,,"{'published_date': '29-Aug-2023 06:00 PM', 'bid_opening_date': '18-Sep-2023 03:30 PM', 'submission_start_date': '30-Aug-2023 09:30 AM', 'submission_end_date': '15-Sep-2023 03:00 PM'}"
2023_AAI_165934_1,Rate Contract,Annual Rate contract for cartridges of Printers for 01 year,Annual Rate contract for cartridges of Printers for 01 year,"AAI, ATS Complex, Mumbai","Airports Authority of India, ATS Complex, Mumbai -400099",400099,Open Tender,"22,13,723",https://etenders.gov.in/eprocure/app?component=%24DirectLink&page=FrontEndViewTender&service=direct&session=T&sp=SEzR24t6sPlxVDUM6OCofbQ%3D%3D,https://etenders.gov.in/eprocure/app?component=%24DirectLink_8&page=FrontEndTenderDetails&service=direct&session=T,Miscellaneous Services,Annual Rate contract for cartridges of Printers fo,"{'published_date': None, 'bid_opening_date': '18-Sep-2023 03:30 PM', 'submission_start_date': None, 'submission_end_date': '15-Sep-2023 03:00 PM'}"
2023_AAI_165709_1,Rate Contract,"Repairing of cracks and spall edges of joints, Resurfacing of pavement and joint filling of Apron/Taxi/Isolation at LBSI Airport, Varanasi","Repairing of cracks and spall edges of joints, Resurfacing of pavement and joint filling of Apron/Taxi/Isolation at LBSI Airport, Varanasi",LBSI Airport Varanasi,LBSI Airport Varanasi,221006,Open Tender,"62,88,000",https://etenders.gov.in/eprocure/app?component=%24DirectLink&page=FrontEndViewTender&service=direct&session=T&sp=SLPJgUw1IfiNZjijpn%2F4Tmw%3D%3D,https://etenders.gov.in/eprocure/app?component=%24DirectLink_8&page=FrontEndTenderDetails&service=direct&session=T,Civil Works,NA,"{'published_date': None, 'bid_opening_date': '18-Sep-2023 03:30 PM', 'submission_start_date': None, 'submission_end_date': '15-Sep-2023 03:00 PM'}"
2023_AAI_165946_1,Tender,"Licence for Apparels Retail Outlet inside International SHA (First floor) at Sri Guru Ram Dass Jee International Airport, Amritsar.","Licence for Apparels Retail Outlet inside International SHA (First floor) at Sri Guru Ram Dass Jee International Airport, Amritsar.","SGRDJI Airport, Amritsar",Airports Authority of India,143101,Open Tender,"2,75,000",https://etenders.gov.in/eprocure/app?component=%24DirectLink&page=FrontEndViewTender&service=direct&session=T&sp=S2mXHAO8sdZnZQGaqCc20ig%3D%3D,https://etenders.gov.in/eprocure/app?component=%24DirectLink_8&page=FrontEndTenderDetails&service=direct&session=T,Miscellaneous Services,Apparels Retail Outlet,"{'published_date': None, 'bid_opening_date': '18-Sep-2023 03:30 PM', 'submission_start_date': None, 'submission_end_date': '15-Sep-2023 03:00 PM'}"
2023_AAI_165944_1,Tender,"Licence for Travel Luggage Retail Outlet inside International SHA (First floor) at Sri Guru Ram Dass Jee International Airport, Amritsar.","Licence for Travel Luggage Retail Outlet inside International SHA (First floor) at Sri Guru Ram Dass Jee International Airport, Amritsar.","SGRDJI Airport, Amritsar","Airports Authority of India, SGRDJI Airport, Amritsar",143101,Open Tender,"2,75,000",https://etenders.gov.in/eprocure/app?component=%24DirectLink&page=FrontEndViewTender&service=direct&session=T&sp=SqjlPEAyCsxjJcFIWOZsYCg%3D%3D,https://etenders.gov.in/eprocure/app?component=%24DirectLink_8&page=FrontEndTenderDetails&service=direct&session=T,Miscellaneous Services,Travel Luggage Retail Outlet,"{'published_date': None, 'bid_opening_date': '18-Sep-2023 03:30 PM', 'submission_start_date': None, 'submission_end_date': '15-Sep-2023 03:00 PM'}"
2023_AAI_165943_1,Tender,"Licence for Fragrances and Perfumes Retail Outlet inside Domestic SHA (First floor) at Sri Guru Ram Dass Jee International Airport, Amritsar.","Licence for Fragrances and Perfumes Retail Outlet inside Domestic SHA (First floor) at Sri Guru Ram Dass Jee International Airport, Amritsar.","SGRDJI Airport, Amritsar",Airports Authority of India,143101,Open Tender,"1,78,750",https://etenders.gov.in/eprocure/app?component=%24DirectLink&page=FrontEndViewTender&service=direct&session=T&sp=SeEQCkrbfhjWf2cvw4cMDEw%3D%3D,https://etenders.gov.in/eprocure/app?component=%24DirectLink_8&page=FrontEndTenderDetails&service=direct&session=T,Miscellaneous Services,Fragrances and Perfumes Retail Outlet,"{'published_date': None, 'bid_opening_date': '18-Sep-2023 03:30 PM', 'submission_start_date': None, 'submission_end_date': '15-Sep-2023 03:00 PM'}"
2023_AAI_165945_1,Tender,"Licence for Books and Toys Retail Outlet inside International SHA (First floor) at Sri Guru Ram Dass Jee International Airport, Amritsar.","Licence for Books and Toys Retail Outlet inside International SHA (First floor) at Sri Guru Ram Dass Jee International Airport, Amritsar.","SGRDJI Airport, Amritsar","Airports Authority of India, SGRDJI Airport, Amritsar",143101,Open Tender,"2,06,250",https://etenders.gov.in/eprocure/app?component=%24DirectLink&page=FrontEndViewTender&service=direct&session=T&sp=SwETyiWvyHKvywfNzJ0g6og%3D%3D,https://etenders.gov.in/eprocure/app?component=%24DirectLink_8&page=FrontEndTenderDetails&service=direct&session=T,Miscellaneous Services,Books and Toys Retail Outlet,"{'published_date': None, 'bid_opening_date': '18-Sep-2023 03:30 PM', 'submission_start_date': None, 'submission_end_date': '15-Sep-2023 03:00 PM'}"
2023_AAI_165942_1,Tender,"Licence for Travel Luggage Retail Outlet inside Domestic SHA (First floor) at Sri Guru Ram Dass Jee International Airport, Amritsar.","Licence for Travel Luggage Retail Outlet inside Domestic SHA (First floor) at Sri Guru Ram Dass Jee International Airport, Amritsar.","SGRDJI Airport, Amritsar","Airports Authority of India, SGRDJI Airport, Amritsar",143101,Open Tender,"2,75,000",https://etenders.gov.in/eprocure/app?component=%24DirectLink&page=FrontEndViewTender&service=direct&session=T&sp=Sw7AsPDpggOpqCapRMW21uw%3D%3D,https://etenders.gov.in/eprocure/app?component=%24DirectLink_8&page=FrontEndTenderDetails&service=direct&session=T,Miscellaneous Services,Travel Luggage Retail Outlet,"{'published_date': None, 'bid_opening_date': '18-Sep-2023 03:30 PM', 'submission_start_date': None, 'submission_end_date': '15-Sep-2023 03:00 PM'}"
2023_AAI_165915_1,Tender,Providing Tensile Fabric Canopy at Entrance/Main Gate as well as above Pathway Connecting Car parking and New Terminal Building at Bareilly Airport,Providing Tensile Fabric Canopy at Entrance/Main Gate as well as above Pathway Connecting Car parking and New Terminal Building at Bareilly Airport,"Civil Enclave, Bareilly","Office of the Airport Director, AGM (Engg. Civil), Civil Enclave, Bareilly",243122,Open Tender,"1,11,62,065",https://etenders.gov.in/eprocure/app?component=%24DirectLink&page=FrontEndViewTender&service=direct&session=T&sp=SyIeS0RbcoOk3XkW3IOXEWw%3D%3D,https://etenders.gov.in/eprocure/app?component=%24DirectLink_8&page=FrontEndTenderDetails&service=direct&session=T,Civil Works,NA,"{'published_date': None, 'bid_opening_date': '18-Sep-2023 03:30 PM', 'submission_start_date': None, 'submission_end_date': '15-Sep-2023 03:00 PM'}"
2023_AAI_165368_1,Tender,"Construction of New RCC Antenna Tower near the existing old RCC Antenna Tower at MSSR, Porur, Chennai. SH Civil and Electrical works.","Construction of New RCC Antenna Tower near the existing old RCC Antenna Tower at MSSR, Porur, Chennai. SH Civil and Electrical works.",Chennai,"Operational office, RHQ/SR, Chennai.",600016,Open Tender,"3,94,53,000",https://etenders.gov.in/eprocure/app?component=%24DirectLink&page=FrontEndViewTender&service=direct&session=T&sp=SfclZmDrvaPGhmHqEvyQI0A%3D%3D,https://etenders.gov.in/eprocure/app?component=%24DirectLink_8&page=FrontEndTenderDetails&service=direct&session=T,Civil Works - Buildings,NA,"{'published_date': None, 'bid_opening_date': '18-Sep-2023 03:30 PM', 'submission_start_date': None, 'submission_end_date': '15-Sep-2023 03:00 PM'}"
2023_AAI_165116_1,Tender,"License to operate Money Exchange Counter at Dibrugarh Airport, Assam","License to operate Money Exchange Counter at Dibrugarh Airport, Assam for the period of 3 years",Dibrugarh Airport,"Dibrugarh Airport, Mohanbari, Assam-786012",786012,Open Tender,"2,000",https://etenders.gov.in/eprocure/app?component=%24DirectLink&page=FrontEndViewTender&service=direct&session=T&sp=SgHHhnPtAMxeOebjkAUF%2Bug%3D%3D,https://etenders.gov.in/eprocure/app?component=%24DirectLink_8&page=FrontEndTenderDetails&service=direct&session=T,Miscellaneous Services,NA,"{'published_date': None, 'bid_opening_date': '18-Sep-2023 03:30 PM', 'submission_start_date': None, 'submission_end_date': '15-Sep-2023 03:00 PM'}"
2023_AAI_165675_1,Tender,"Renovation of Toilets in ATS Complex and Engineering offices at DBAI Airport, Nagpur.","Renovation of Toilets in ATS Complex and Engineering offices at DBAI Airport, Nagpur.","DBAI Airport, Nagpur","O/o. DGM (E-C), AAI, DBAI Airport, Nagpur.",440005,Open Tender,"25,98,210",https://etenders.gov.in/eprocure/app?component=%24DirectLink&page=FrontEndViewTender&service=direct&session=T&sp=SBcRzajOjTulDUlosoknMdA%3D%3D,https://etenders.gov.in/eprocure/app?component=%24DirectLink_8&page=FrontEndTenderDetails&service=direct&session=T,Civil Works - Buildings,NA,"{'published_date': None, 'bid_opening_date': '18-Sep-2023 03:30 PM', 'submission_start_date': None, 'submission_end_date': '15-Sep-2023 03:00 PM'}"
2023_AAI_165849_1,Tender,"License to operate Snack Bar facility inside SHA at New Terminal Building of Civil Airport, Jaisalmer","License to operate Snack Bar facility inside SHA at New Terminal Building of Civil Airport, Jaisalmer",Jaisalmer Airport,"O/o Airport Director, Jaisalmer Airport",345001,Open Tender,"41,300",https://etenders.gov.in/eprocure/app?component=%24DirectLink&page=FrontEndViewTender&service=direct&session=T&sp=SFFmdI%2BLD9ZBBAJriVBifmg%3D%3D,https://etenders.gov.in/eprocure/app?component=%24DirectLink_8&page=FrontEndTenderDetails&service=direct&session=T,Allotment of Space,NA,"{'published_date': None, 'bid_opening_date': '18-Sep-2023 03:30 PM', 'submission_start_date': None, 'submission_end_date': '15-Sep-2023 03:00 PM'}"
2023_AAI_165633_1,Tender,"Construction of New Storm Water Drain in Extended Operational Area near Rwy 25 beginning at D.A.B.H Airport, Indore","Construction of New Storm Water Drain in Extended Operational Area near Rwy 25 beginning at D.A.B.H Airport, Indore","DABH Airport, Indore","DABH Airport, Indore",452005,Open Tender,"2,03,78,000",https://etenders.gov.in/eprocure/app?component=%24DirectLink&page=FrontEndViewTender&service=direct&session=T&sp=Siw4JWOatWFuMBAqwoM06Vg%3D%3D,https://etenders.gov.in/eprocure/app?component=%24DirectLink_8&page=FrontEndTenderDetails&service=direct&session=T,Civil Works,NA,"{'published_date': None, 'bid_opening_date': '18-Sep-2023 03:30 PM', 'submission_start_date': None, 'submission_end_date': '15-Sep-2023 03:00 PM'}"
